Name,Product Link,Description,Category,Image
Wall Art Print entitled Maltese by David Rogers | 36 x 48,http://amzn.to/2wZcXPk,"Gallery-Wrapped Canvas entitled 'Maltese'. Maltese watercolor art print by artist David J Rogers. Multiple sizes available. Primary colors within this image include: beautiful tones sure to enhance your space. Made in the USA. Satisfaction guaranteed. Inks used are latex-based and designed to last. Museum-quality, artist-grade canvas mounted on sturdy wooden stretcher bars 1.5"" thick. Comes ready to hang. Canvases have a UVB protection built in to protect against fading and moisture and are designed to last for over 100 years.

",Art,https://images-na.ssl-images-amazon.com/images/I/41W5QlIfu5L.jpg
"GreatBIGCanvas ""Maltese"" by John W. Golden Photographic Print with black Frame, 29"" X 36""""",http://amzn.to/2vWqrhW,"Photographic print with black frame entitled 'Maltese'. multiple sizes available. Primary colors within this image include: Forest green, Peach, black, white. Made in USA. Satisfaction guaranteed. Archival-quality UV-resistant inks.",Art,https://images-na.ssl-images-amazon.com/images/I/513SaYYuHvL.jpg
Top Dog Deluxe Puppy Pads and Dog Training Pad with Extra Quick-Dry Black Carbon Technology - Perfect for Puppy Housebreaking and for Your Mature Pet,http://amzn.to/2w5n4Gc,"Do you have the puppy potty training blues? Do you frequently come home to puddles of puppy pee pee? Or ruined carpets, gross odors, stained hardwood floors and guilty looking puppy dog eyes? Well you are in luck - the genius engineers at Top Dog have created the solution to your puppy training blues! Behold: ""Top Dog Activated Carbon Pet Relief Pads."" These puppy pads are 25% thicker and 2x more absorbent than those of major name brand competitors. Built with 5-layer construction, our puppy training pads are optimized to ensure your floors stay clean and dry all day long. [*] Layer 1 is our unique Activated Carbon Technology for maximum absorption and minimum odor. [*] Layer 2 is a Super Absorptive Polymer layer that turns liquid into gel instantly! This material is based on technology from USDA labs engineered to hold up to 400x it's weight in fluid. That's a lot of fluid. [*] Layer 3 is a cotton tissue fluff to help lock-in moisture. [*] Layer 4 is a tear-resistant top stretch layer that protects the dog training pads from overzealous pups. [*] The 5th layer is our impermeable plastic bottom, which ensures zero liquid seeps through to your previous floors. Best of all, our pads are black, to minimize the visual impact on your home or apartment! Our large wee wee pads are more absorbent than those of bulk brands like hartz or arm and hammer, we guarantee it, and they fit any standard sized tray or holder. We'd love to hear what you think. Please post a review or drop us a line at info [at] top dog pet and home dot com! Happy Puppy Parenting.

",Puppy Pads,https://images-na.ssl-images-amazon.com/images/I/91jBG634c1L._SX522_.jpg
Four Paws Wee-Wee Odor Control Pads,http://amzn.to/2uErUKa,"Wee-Wee Odor Control Pads eliminate odor from urination upon contact 2 times as fast as standard pads*. These pads are the same quality and durability of the standard Wee-Wee Pads, but now contain odor eating technology. Wee-Wee Odor Control Pads measure 22"" x 23"" and are available in 3 package sizes. *Based on lab-tested significant reductions of ammonia vapors.",Puppy Pads,https://images-na.ssl-images-amazon.com/images/I/71yUnOHB7NL._SX522_.jpg
Snoozer Console Pet Car Seat Cream Fur,http://amzn.to/2vDyjCL,Patented up front riding solution that keeps pets close yet safely contained on your vehicle's console. Before you buy a Snoozer Console Lookout Car Seat always measure your dog and compare its dimensions to the interior dimensions. Compare the dimensions of your car’s console to our exterior dimensions as well. The size you order will need to reflect the size of the space available in your vehicle as well as the size of your dog. Be sure to always measure for both factors before you make your purchase,Car Seat,https://www.amazon.com/Small-Snoozer-Console-Lookout-Black/dp/B000WT8N6M/ref=sr_1_15?s=pet-supplies&ie=UTF8&qid=1502764382&sr=1-15&keywords=car+seat
K&H Manufacturing Bucket Booster Pet Seat,http://amzn.to/2vD37Dv,"The K&H Booster Bucket seat elevates your pet and fits either the front or back seat. The back of the Booster Bucket is contoured for a better fit inside the vehicle. The inside of the Booster Bucket is made of quilted, soft fleece and the 3-inch foam cushion.",Car Seat,https://images-na.ssl-images-amazon.com/images/I/91Yclm-2opL._SL1500_.jpg
Kurgo Skybox Dog Booster Seat for Cars with Seat Belt Tether,http://amzn.to/2vDmUCY,"Give small dogs their own secure car lookout seat. Designed for dogs up to 30 pounds, the Kurgo Skybox Dog Booster Seat features metal supports for structural integrity and a waterproof exterior. It's collapsible for easy storage when not in use. With a reversible and washable liner, it's also easy to keep clean. The booster seat installs quickly and securely on either the front or back of a bucket seat or the smaller side of a 60/40 split bench seat. Secure your pup by attaching the adjustable dog seat belt tether to any dog harness. This booster seat measures 16 x 12 x 8 inches (WxDxH). This model includes zippered side storage pockets, great for packing treats and toys. Kurgo is dedicated to helping people and their dogs get out and enjoy the world together. Their line of award-winning dog travel and outdoor products include everything from crash-tested car harnesses to car seat covers to outdoor products like dog backpacks and boots. LIFETIME WARRANTY: Your satisfaction is important to us. We offer a Kurgo lifetime warranty for products purchased new from authorized sellers. If you have any questions or concerns about our products, please contact Kurgo and we would be happy to assist you.",Car Seat,https://images-na.ssl-images-amazon.com/images/I/81rTLTb6WLL._SL1500_.jpg
Sherpa Deluxe Pet Carriers,http://amzn.to/2vWn76L,"Travel in comfort and style with Sherpa Original Deluxe Carrier. Perfect for traveling by plane or car, for a trip or just to the vet. Patented spring wire frame allows the rear end of the carrier to be pushed down several inches to conform to under-seat requirements. The carrier has mesh panels for ventilation, locking zippers to prevent accidental escapes, and includes a seat belt security strap which doubles as a luggage strap. Top and side entry options make it much easier to comfortably load pets in the carrier. A large side zippered pocket can hold your important pet travel documents and anything else your pet may need. The no-slip shoulder strap is adjustable and features a padded support for comfort. A soft, cozy, removable, and machine-washable faux lambskin liner is included. Sherpa replacement liners are also available and sold separately. Approved for use on most major airlines. Small and medium sizes are included in Sherpa's Guaranteed On Board program. Available colors include Black, Brown, Plum and Gray. Available in size small, medium and large.",Travel Carrier,https://images-na.ssl-images-amazon.com/images/I/91h-1kma-iL._SL1500_.jpg
"Sherpa Element Duffle Pet Carrier, Small",http://amzn.to/2vyKbY6,"A classically designed collection, the Sherpa Element Duffle Pet Carriers easily transports your pet safely and comfortably. Perfect for traveling by plane or car, for a trip or just to the vet. Classic tan color duffle with red trim. Patented spring wire frame allows the rear end of the carrier to be pushed down several inches to conform to under-seat requirements. The carrier has mesh panels for ventilation, locking zippers to prevent accidental escapes, luggage tag, and includes a seat belt security strap which doubles as a luggage strap. Side entry make it easier to comfortably load pets in the carrier. A large side zippered pocket can hold your important pet travel documents and anything else your pet may need. The no-slip shoulder strap is adjustable and features a padded support for comfort. A soft, cozy, removable, and machine-washable faux lambskin liner is included. Sherpa replacement liners are also available and sold separately. Approved for use on most major airlines, and included in Sherpa's Guaranteed On Board program.",Travel Carrier,https://images-na.ssl-images-amazon.com/images/I/A12gIrK0zAL._SL1500_.jpg
Laura Ashley Reversible Micro Fur Pet Dog Bed Blanket Throw,http://amzn.to/2vDTNPJ,"Treat your pet to ultimate comfort. The Laura Ashely soft plush micro fur warms to Fluffy or Fido’s body temperature for soothing rest. And it’s super easy to maintain, just toss it in the washing machine when you need to.",Bedding,https://images-na.ssl-images-amazon.com/images/I/81frUhJ%2BvAL._SL1500_.jpg
Ruffwear - Front Range All-Day Adventure Harness for Dogs,http://amzn.to/2w5uglE,"The Ruffwear Front Range Harness is an everyday harness that is easy to put on and comfortable for dogs to wear. The harness features two leash attachment points: an aluminum V-ring centered on the dog's back for everyday walks, and reinforced webbing at the dog's chest for training or additional control. ID pocket keeps dog tags quiet and easily accessible. The Front Range Harness is available in 5 sizes. Select the correct size based on your dog's girth (measurement around the widest part of the rib cage). For in between sizes, choose the largest size. XX-Small: 13-17 inches (33-43 cm); X-Small: 17-22 inches (43-56cm); Small: 22-27 inches (56-69 cm); Medium: 27-32 inches (69-81 cm); Large/X-Large: 32-42 inches (81-107 cm). Washing Instructions: Secure the fasteners; Hand wash with mild detergent; Air dry.",Outdoor,https://images-na.ssl-images-amazon.com/images/I/91pxLyb0boL._SL1500_.jpg
"Ruffwear - K-9 Float Coat for Dogs, Buoyant, Secure, Reflective",http://amzn.to/2i1wJXR,"The Float Coat Life Jacket is a fully-featured life jacket built with time-proven, abrasion-resistant materials. Natural swimming position is made possible by strategically-placed closed cell foam panels and water-compatible webbing remains stable in wet environments. The easy-to-clip, ITW Nexus Airloc sheltered buckles keep straps firmly in place over time and the strong, low-profile handle is optimally positioned to help dogs out of the water. A telescoping neck closure adjusts for a range of dog sizes and is permanently attached and secure. The Float Coat Life Jacket is available in 6 sizes. Select the correct size based on your dog's girth (measurement around the widest part of the rib cage). XX-Small: 13-17 inches (33-43 cm); X-Small: 17-22 inches (43-56 cm); Small: 22-27 inches (56-69 cm); Medium: 27-32 inches (69-81 cm); Large: 32-36 inches (81-91 cm); X-Large: 36-42 inches (91-107 cm). Washing Instructions: Secure the fasteners; Hand wash with mild detergent; Air dry.",Outdoor,https://images-na.ssl-images-amazon.com/images/I/715e39UAEwL._SL1200_.jpg
"Ruffwear - Knot-a-Leash, Reflective Dog Leash with Secure Locking Carabiner",http://amzn.to/2vzaLAn,"The Ruffwear Knot-a-Leash is a rugged, climbing-inspired leash. Our classic design uses strong, supple kernmantle rope and a secure locking carabiner. Reflective rope keeps people and dogs visible in low-light conditions. Available in two sizes: the standard 11 mm Large size or the packable, 7 mm small size. Both size leashes are 5 ft long (1.5m). Washing Instructions: Hand wash with mild detergent; Air dry.",Outdoor,https://images-na.ssl-images-amazon.com/images/I/81uPxn92myL._SL1500_.jpg
"Ruffwear - Front Range Dog Leash, Strong and Light Human-Canine Connection",http://amzn.to/2vDgIdT,"The Ruffwear Front Range Leash combines a strong connection with an elegant design for a lightweight, comfortable walking experience. Inspired by the customer-favorite Front Range Harness, the Front Range Leash includes a padded, ergonomic handle, unique Ruffwear-designed hardware, and bright, bold design. Sturdy yet light, the Front Range Leash keeps you comfortably connected to your canine companion wherever your adventures take you. Try our matching Front Range Harness (sold separately) for the complete set up. The Front Range Leash measures 5 feet (1.5 m) in length. Washing instructions: Hand wash with mild detergent; Air dry.",Outdoor,https://images-na.ssl-images-amazon.com/images/I/611iPZ4-nOL._SL1200_.jpg
PetSafe Elite Little Dog Spray Bark Control,http://amzn.to/2w58Zsd,"The PetSafe Elite Little Dog Spray Bark Collar is small, lightweight collar that corrects nuisance barking with a surprising mist of spray. Its compact design is perfect for little dogs. This easy-to-use collar automatically corrects your dog each time he barks, and this consistency is the key to effective training. Soft spray stops barking. 30-40 sprays per refill, 300-400 sprays per can. Ergonomic collar with QuickFit buckle for quick release and perfect fit. For dogs up to 55 pounds. Fits neck sizes up to 20 inches. Perfect Bark sound & vibration sensors - only your dog’s bark causes correction. Waterproof collar submersible up to 5 feet. Collar uses PetSafe RFA-188 battery and spray canister (both included.) To refill the collar, make sure the unit is turned off. Hold the refill spray can upright and firmly press the nozzle down into the refill port. Hold for 15 seconds or until unit is full, then remove the can. If spray leaks out, you may need to press harder to complete the seal. If you’re not sure which bark control product to choose, contact our Customer Care team Monday through Saturday and we'll gladly help you decide. If this product is not meeting your needs, please contact PetSafe Brand. PetSafe brand has been an industry leading US manufacturer of pet behavior, containment and lifestyle products since 1991, helping millions of people and pets each year. Call, chat or email the PetSafe US-based customer care specialists six days a week.",Training,https://images-na.ssl-images-amazon.com/images/I/71IphZmX2pL._SL1500_.jpg
No Bark Citronella Collar Remote Control Anti Bark Spray Stop Barking Dog Training Collar for Dogs - Excludes Citronella Spray,http://amzn.to/2vWH7WZ,"Easy to use: Burst of Citronella Spray or Beep of Voice to teach commands and correct behavior. There are 4 buttons of the remote control , the front two is the beep voice button and the behind two is the spray button.",Training,https://images-na.ssl-images-amazon.com/images/I/719YjT-fVXL._SL1001_.jpg
"Max & Ruffy's Tree of Life Organic Grain Free 5-Ounce Dog Treats, Mini Bites, Coconut, Molasses and Flax Flavor
",http://amzn.to/2fGssZl,"This undeniably delicious treat is a masterful blend of rich coconut, molasses and flax. So why do we think we were such crackerjacks in combining these ingredients? First, the taste is terrific; second, the nutritional benefits are fantastic. Coconut is known to stimulate metabolism, increase energy, aid digestion and benefit joints, skin and coats; molasses contains a variety of minerals and has a long and popular history as a natural cure for many ailments among dogs including arthritis; and flax is a good source of omega-3 fatty acids, which are essential fatty acids that and like coconut are good for skin and coat. Measuring in at only a 1/4 inch in diameter and at approximately 2 calories per treat, this treat is perfect for training, rewarding frequently and for small dogs. Max & Ruffy's treats won't leave an oily residue in your pocket so grab a handful for rewarding and replenishing on walks or hikes. Rest assured, if we wouldn't eat it, we wouldn't make it for your dog.",Treats,https://images-na.ssl-images-amazon.com/images/I/91G0dDostSL._SL1500_.jpg
The Dog Bakery Healthy Biscuits All Natural USA Made Bone Shaped Treats Small Batch (assorted),http://amzn.to/2vWCTOI,"If your dog loves apple pie, they will love this natural mini small bone shaped dog treat baked biscuit. We make our dog treats in small batches, allowing us to keep our fresh baked dog treats natural. Anyone visiting our bakery will see us making handmade natural dog treats baked fresh everyday. From our bakery to your home, The Dog Bakery bakes love into every bite for your four legged family member.",Treats,https://images-na.ssl-images-amazon.com/images/I/71pO8S8CYgL._SL1500_.jpg
Holsome Valley Pork Snouts Dog Chews-All Natural-Premium Rawhide Chews Alternative-No Preservatives-No Chemicals-Sourced And Made In The USA-Healthy&Delicious Human Grade Dog Treats-Digestible-10 Pk.,http://amzn.to/2vWj2iY,"Keep your pet occupied, happy and out of trouble with our premium pork chews. By giving your pet a pork snout chew anytime they look at other items like your shoes to chew this will encourage them to chomp on their chew or ""bone"" and not your shoes.",Treats,https://images-na.ssl-images-amazon.com/images/I/51c-nEA3SyL.jpg
"Jerky Treats for Dogs – Amazon Prime - All Natural Chicken and Pumpkin Ingredients – Sourced and Made in USA – Non GMO, No Fillers, Additives, or Other Bad Stuff – Your Best Friends Favorite Reward",http://amzn.to/2vWhpBz,We researched hundreds of sources in our mission to make the the best Chicken & Pumpkin Dog Jerky Treats available. We quickly realized just how much of a difference there is between good enough and the aboslute best. Have you ever smelled cheaper jerky treats and noticed how it resembles tobacco? Our treats use the absolute best USA Sourced Natural Chicken & Pumpkin ingredients and we only use the best USA manufacturing facilities with good practices certification. It costs us way more but we realize our customers want the best and that is what we promise to deliver.,Treats,https://images-na.ssl-images-amazon.com/images/I/91xOCa6EJhL._SL1500_.jpg
"Pure USA Chicken Jerky, Grain and Filler Free, Premium Grade A Fillets from American Chicken Breast. All Natural Brutus & Barnaby Chicken Strips are Great for Dogs and Cats",http://amzn.to/2wKHPUw,"Whole Breast Chicken Jerky Made in the USA from USA Chickens. Brutus & Barnaby is committed with all of our treats- pig ears, cow ears, bully sticks, pig slivers, bully nuggets and others, to bring you only the best, healthiest food products for your dog. Our dogs are family in our house and we know they are in yours also.",Treats,https://images-na.ssl-images-amazon.com/images/I/91m05MbTyPL._SL1500_.jpg
Royal Canin Maltese 24 Canine Adult Dry Dog Food 1.5KG,http://amzn.to/2w5x4PL,This Royal Canin Adult Maltese is a complete dog food that has been specially formulated to meet the needs of the Maltese breed and provides optimal support for your dogs unique physiology. The flavour of this tasty food helps satisfy the fussiest of appetites and helps reduce tartar formation. Suitable for adult and mature Maltese over 10 months old.,Food,https://images-na.ssl-images-amazon.com/images/I/613cCBRJOcL._SL1000_.jpg
ROYAL CANIN SIZE HEALTH NUTRITION X-SMALL Adult dry dog food,http://amzn.to/2vymZsT,"Royal Canin X-SMALL Adult features highly digestible proteins and precise levels of various fibers to help regulate and ease intestinal transit. Extra-small dogs have unique physiological distinctions, such as jaw size, bone strength and digestive systems. This formula also contains ideal levels of EPA and DHA to help support a beautiful coat and healthy skin. Extra small kibble designed for their miniature jaw helps reduce the formation of tartar. This formula is highly palatable and satisfies the fussy appetites of extra-small dogs. Recommended for extra-small breed dogs (up to 8 pounds) from 10 months to 8 years old. Size: 14 pounds.",Food,https://images-na.ssl-images-amazon.com/images/G/01/aplusautomation/vendorimages/557f4c12-7367-4284-b079-4c020be7d5e4.jpg._CB283900149_.jpg
Wellness Complete Health Natural Dry Small Breed Dog Food,http://amzn.to/2wZf31O,"Wellness Complete Health Natural Dry Dog Food, Small Breed Healthy Weight Recipe, is healthy, natural dog food for adult small breed dogs featuring a smaller kibble size for smaller mouths and made with carefully chosen, authentic ingredients and with reduced calories for your less active or overweight dog and provides whole-body nutritional support for healthy weight loss and weight maintenance. Wellness Complete Health Dry Dog Food supports your dog's healthy weight loss, balanced natural nutrition, optimal nutrient absorption and hip and joint health, all with natural and delicious ingredients to provide a guaranteed great taste that dogs love.",Food,https://images-na.ssl-images-amazon.com/images/I/81lrKoJLOxL._SL1500_.jpg
MidWest iCrate Folding Metal Dog Crate,http://amzn.to/2vX78Fk,"The “all inclusive” Double Door iCrate, folding metal dog crate by MidWest Homes for Pets includes all of the features you will need to provide a convenient, safe and secure pet home for your best friend. This metal dog crate includes a free divider panel allowing you to adjust the size of the dog crate while your dog is still growing, a plastic leak-proof pan for easy clean-up in the event of an accident, a strong plastic carrying handle for easy portability and rubber “roller” feet on the bottom of the crate to protect your floors inside the home. The iCrate Double Door metal dog crate configuration (with front and side door access) allows you to situate the dog crate to best fit your floor plan and folds down for convenient storage. We at MidWest Homes for Pets understand that your dog is a part of your family and that’s why we ensure our dog crates are manufactured with the highest quality control standards creating a safe home for your pet that you can feel confident with. MidWest Homes for Pets stands behind the quality of our products with a 1 Year Manufacturer’s Warranty. If you have any questions about our dog crates our customer service department would be glad to help you. MidWest customer service can be contacted at: 1-800-428-8560, available 8:00 AM – 5:00 PM, Monday – Friday.",Crate,https://images-na.ssl-images-amazon.com/images/I/51q-PYHJykL.jpg
Nature's Miracle Stain and Odor Remover (24 oz Spray- 2 Pack),http://amzn.to/2uXdyjk,"Eliminates stains and odors without harsh chemicals Leaves behind a fresh citrus scent Convenient size for using in multiple areas and quick application

",Supplies,https://images-na.ssl-images-amazon.com/images/I/71r74rzk5pL._SL1500_.jpg
Nature's Miracle Urine Destroyer Stain and Residue Eliminator,http://amzn.to/2vzm0ZO,Urine Destroyer,Supplies,https://images-na.ssl-images-amazon.com/images/I/41zPoYWubTL.jpg
Nature's Miracle Laundry Boost,http://amzn.to/2uX0lal,Laundry Boost Stain & Odor Remover,Supplies,https://images-na.ssl-images-amazon.com/images/I/81EMOGg042L._SL1500_.jpg
Arm & Hammer Clinical Care Enzymatic Toothpaste Gel – Vanilla Ginger,http://amzn.to/2i0z3yz,"The Arm & Hammer name has been trusted for over 100 years for gentle yet effective cleaning. Arm & Hammer Oral Care for Pets brings those same cleaning methods to our companion animals, making it easy for pet parents to provide dental health solutions that work. Our Clinical Care Enzymatic Toothpaste Gel with vanilla ginger flavors freshens your dog’s breath, whitens teeth, and fights tartar buildup, keeping your dog's teeth in top form. Baking soda cleans and deodorizes while enzymes fight tartar.",Health,https://images-na.ssl-images-amazon.com/images/I/81Z5FePte%2BL._SL1500_.jpg
"Arm & Hammer Advanced Care Toothbrush & Toothpaste Set -Vanilla Ginger Flavor
",http://amzn.to/2vWG8Wx,"The Arm & Hammer name has been trusted for over 100 years for gentle yet effective cleaning. Arm & Hammer Oral Care for Pets brings those same cleaning methods to our companion animals making it easy for pet parents to provide dental health solutions that work. Clean your dog’s teeth with the name you trust. Arm & Hammer Advanced Care toothpaste is formulated with baking soda that dissolved deep in the microscopic crevices on the tooth’s surface for maximum strength cleaning. It is designed specifically to remove and prevent plaque buildup. Baking soda cleans and deodorizes while enzymes fight tartar. Our advanced care toothpaste whitens teeth, fights tartar buildup and eliminates bad dog breath, keeping your dog’s teeth in top form.",Health,https://images-na.ssl-images-amazon.com/images/I/81IhmL8hMTL._SL1500_.jpg
Petpost | Tear Stain Remover Wipes - 100 Presoaked Cotton Pads - Best Natural Eye Crust Treatment for White Fur - Maltese Angels Approved - Chemical and Bleach Free - 4 Oz.,http://amzn.to/2i1ouvf,"#1 CHOICE FOR DOG LOVERS EVERYWHERE! We love our dogs - and we want to make sure that they wake up every day feeling happy, healthy, and looking beautiful. Unfortunately, many Maltese', Shih Tsus, Chihuahuas, Poodles, Boxers, Bichon Frises, and other dogs with light fur suffer from stains caused by mucus around the eye. These stubborn and unsightly marks are uncomfortable and just plain embarrassing. If that is your pup - today is your lucky day! We have found that the trouble with most tear stain removers is that they ONLY clean your dog's current stains, but don't prevent future stains from forming. Don't worry, Petpost Tear Stain Remover for Dogs is different! Our special, extra-powerful solution is plant-based, and contains the highest quality extracts from coconut and palm that: • Gently Removes Mucus and Crust Formed Around the Eye • Prevents Future Tear Stains from Forming • Comes with an Easy Application Nozzle • Is Safe and Natural with No Chemicals or Bleach THIS PRODUCT IS NOT BLEACH! It is used regularly to eliminate staining. If after one week of daily use, there are still tear stains on your fur baby, that is dyed fur that will need to grow out and be trimmed off. Continued use will prevent tear stains from appearing. 100% HAPPY DOG GUARANTEE If the Petpost Tear Stain Remover does not help relieve your dog's tear stains after regular use, *or if you or your dog just don't like it* we'll replace it or give you 100% of your money back, no questions asked. CLICK THE YELLOW 'ADD TO CART' BUTTON FOR YOUR DOG NOW!",Grooming,https://images-na.ssl-images-amazon.com/images/I/71yYlWCEmUL._SL1425_.jpg
"Always Bright Eyes -Tear Stain Remover for Dogs And Cats- Complete Set Includes Powder, Liquid And Application Brushes -All Natural- For Maltese, Shitzu, Yorkies, and Light Coated Breeds.…",http://amzn.to/2vWGCMl,"Tired Of Tear Stain? There is finally something that works! Always Bright Eyes is the culmination of 20 years of experience breeding Maltese by Alan and Veronica Fawcett AKA Always Maltese. The years of practical hands on experience of trying one product after another led them to develop products for themselves. The resulting tear stain remover they developed keeps to there “all natural” approach to raising Maltese and grooming them. Always Bright Eyes contains no bleach, peroxides or harsh chemicals. Always Bright Eyes acts as a natural antibiotic, anti fungal and anti bacterial to treat the source of the stains and has natural drying and lightening agents that remove the unsightly stains. Finally a product that works! Due to the large amount of inquiries regarding how they kept their Maltese so clean, white and tear stain free, they decided to make their discovery available to some of their Maltese customers who experienced the same amazing results. Always Bright Eyes is now available here on Amazon for everyone! Always Bright Eyes is an amazing one of a kind tear stain removal product. It is a 2 step system. The first step is cleansing under the eye with the all natural liquid which contains an all natural herbal formula that works to eliminate bacteria and yeast at its source. The second step is an all natural powder which helps keep the eye area dry and prevents re-growth of the bacteria that can cause the staining. The powder contains two unique drying agents that work together to dry, exfoliate and lighten the area under the eye. An all natural herbal ingredient which has antibacterial properties helps to prevent bacterial growth. Always Bright Eyes is: Topically applied not ingested. Made with natural human-grade ingredients. Non-irritating Safe and easy to use. Safe for kittens and puppies. Works for all light coated breeds!",Grooming,https://images-na.ssl-images-amazon.com/images/I/81r9RYlH9nL._SL1500_.jpg
"Sofee & Co. Natural Dog Conditioner, White Pear - Natural, Pure, Gentle, Moisturizing and Luxurious - Soothing, Silky and Soft - Detangles, Prevents Mattes - Great for dry, itchy, flaky, sensitive skin - Leaves a light, fresh scent - Great for hypoallergenic and long haired dogs - maltese, yorkie, shih tzu, havanese, terriers, poodles, poodle mixes, spaniels, bichon frise, and all other breeds -Cruelty Free -16 Fl Oz",http://amzn.to/2uWDhZl,A luxurious natural and soothing conditioner designed to leave a soft and silky smooth coat with a clean fresh scent. Helps prevent mattes in between regular groomings. Great for use on long- haired and hypo-allergenic dogs as well as all other breeds.,Grooming,https://images-na.ssl-images-amazon.com/images/I/71v9DCzh%2B1L._SL1500_.jpg
"Sofee & Co. White Pear Natural Dog Shampoo, 16 fl oz",http://amzn.to/2i1wMTO,"A luxurious dog shampoo made with your pet in mind using natural ingredients that are free of parabens, sulfates, mineral oils, phthalates and artificial dyes. Designed to keep your dog's coat clean and soft while leaving a light and fresh white pear scent. Great for long-haired and hypo-allergenic dogs as well as all other breeds.",Grooming,https://images-na.ssl-images-amazon.com/images/I/71nSqvXI7VL._SL1500_.jpg
Maltese (Animal Planet Dogs 101) Kindle Edition,http://amzn.to/2vDMZl6,"The lively and joyful Maltese has been bewitching dog lovers for years. Newly authored text by a Maltese expert demonstrates how these adorable, feisty little dogs can fit into any family willing to give them the time and attention they crave. Dogs 101 Maltese is the essential guide for caring for these sweet, affectionate dogs and includes information on breed characteristics, proper supplies, feeding, grooming, health, training, and fun activities. Sidebars in each chapter highlight important tips and interesting anecdotes, and the fun, modern design of this series mimics the stylish look of the Dogs 101 television series.",Books,https://images-na.ssl-images-amazon.com/images/I/41bCrI6Zm4L.jpg
"Maltese Dogs. Maltese Dogs Complete Owners Manual. Complete manual for care, costs, feeding, grooming, training and health. Kindle Edition",http://amzn.to/2i0Tw6a,"The Maltese Dogs Complete Owners Manual has the answers you need when researching this toy-sized purebred, bundle of fur with the completely white coat.",Books,https://images-na.ssl-images-amazon.com/images/I/51W54FHcorL._SY346_.jpg
The Maltese: An Owner's Guide to a Happy Healthy Pet Kindle Edition,http://amzn.to/2vyVBv2,"Maltese are elegant, yet fearless little dogs. With their long silky coats, these dogs require a lot of grooming. Bobbie Linden, a Maltese breeder and columnist for the AKC Gazette, turns her love for, and knowledge of the breed to the care of this feisty dog.",Books,https://images-na.ssl-images-amazon.com/images/I/51yuy80JtbL.jpg
Maltese (Comprehensive Owner's Guide) Kindle Edition,http://amzn.to/2vyVrUw,"The experts at Kennel Club Books presents the world's largest series of breed-specific canine care books. Each critically acclaimed Comprehensive Owner's Guide covers everything from breed standards to behavior, from training to health and nutrition. With nearly 200 titles in print, this series is sure to please the fancier of even the rarest breed.",Books,https://images-na.ssl-images-amazon.com/images/I/417DxNivQ2L.jpg
"Maltese (Complete Pet Owner's Manual) Paperback – July 1, 2015",http://amzn.to/2uWUy4m,"The diminutive and appealing Maltese is noted for its silky, floor-length white coat, which requires frequent grooming. Barron's comprehensive series of Pet Owner's Manuals advise both current and prospective owners on the care of virtually every kind of pet, including a wide variety of dog and cat breeds, hamsters and other small caged animals, birds, fish, reptiles, amphibians, and even scorpions and tarantulas. The author of each book is a specialist in his or her field, which guarantees readers solid advice and instruction that helps them know what to look for when acquiring a pet, feeding, housing, maintaining health care, and where applicable, grooming and training. All Pet Owner's Manuals are filled with high-quality color photos and informative line art.",Books,"https://images-na.ssl-images-amazon.com/images/I/51QCj3vi-nL._SX411_BO1,204,203,200_.jpg"
"Training the Best Dog Ever: A 5-Week Program Using the Power of Positive Reinforcement Paperback – September 25, 2012",http://amzn.to/2hZF6TU,"Training the Best Dog Ever, originally published in hardcover as The Love That Dog Training Program, is a book based on love and kindness. It features a program of positive reinforcement and no-fail techniques that author Dawn Sylvia-Stasiewicz used to train the White House dog, Bo Obama, and each of Senator Ted Kennedy’s dogs, among countless others.",Books,"https://images-na.ssl-images-amazon.com/images/I/51AI8gXOkJL._SX298_BO1,204,203,200_.jpg"
"Zak George's Dog Training Revolution: The Complete Guide to Raising the Perfect Pet with Love Paperback – June 7, 2016",http://amzn.to/2vWHCAj,"Zak George is a new type of dog trainer. A dynamic YouTube star and Animal Planet personality with a fresh approach, Zak helps you tailor training to your dog’s unique traits and energy level—leading to quicker results and a much happier pet.
",Books,"https://images-na.ssl-images-amazon.com/images/I/51E2s7%2Bw9dL._SX332_BO1,204,203,200_.jpg"
"101 Dog Tricks: Step by Step Activities to Engage, Challenge, and Bond with Your Dog Paperback – April 1, 2007",http://amzn.to/2vWp9DM,"International bestseller with over a half-million copies in print in 18 languages! This beautifully designed book features step-by-step instructions with easy to follow color photos of each step. Each trick is rated with a difficulty rating and prerequisites to get you started quickly. Tips and trouble-shooting boxes cover common problems, while ""build-on"" ideas suggest more complicated tricks which build on each new skill.",Books,"https://images-na.ssl-images-amazon.com/images/I/51Da8Om%2BWIL._SY498_BO1,204,203,200_.jpg"
Potty Bells Housetraining Dog Doorbells for Dog Training and Housebreaking Your Doggy. 1.4 Inch Dog Bell with Doggie Doorbell and Potty Training for Puppies Instructional Guide,http://amzn.to/2fGOjje,"With Potty Bells, no more barking when it’s time to go potty! Instead, be alerted that your dog needs to go outside by the gentle jingle of Potty Bells. Simply hang the Potty Bells on the door your dog uses to go out and train your dog to tap the bell to communicate that they need to go outside.",Training,https://images-na.ssl-images-amazon.com/images/I/81bSGrcFOnL._SL1500_.jpg
"The Art of Raising a Puppy (Revised Edition) Hardcover – Single Issue Magazine, June 29, 2011",http://amzn.to/2vW0xLs,"For more than thirty years the Monks of New Skete have been among America's most trusted authorities on dog training, canine behavior, and the animal/human bond.",Books,"https://images-na.ssl-images-amazon.com/images/I/516iKus-iAL._SX321_BO1,204,203,200_.jpg"
"How to Be Your Dog's Best Friend: The Classic Training Manual for Dog Owners (Revised & Updated Edition) Hardcover – September, 2002",http://amzn.to/2vX1286,"For more than a quarter century, How to Be Your Dog's Best Friend has been the standard against which all other dog-training books have been measured. This expanded edition preserves the best features of the original classic while bringing the book fully up-to-date. The result: the ultimate training manual for a new generation of dog owners--and, of course, for their canine best friends.",Books,"https://images-na.ssl-images-amazon.com/images/I/61oMmMUcAdL._SX320_BO1,204,203,200_.jpg"
"Cesar's Way: The Natural, Everyday Guide to Understanding & Correcting Common Dog Problems Paperback – September 18, 2007",http://amzn.to/2uWDz2m,"In Cesar’s Way, Cesar Millan—nationally recognized dog expert and star of National Geographic Channel’s hit show Dog Whisperer with Cesar Millan—helps you see the world through the eyes of your dog so you can finally eliminate problem behaviors.
",Books,"https://images-na.ssl-images-amazon.com/images/I/51yFnoVDnqL._SX323_BO1,204,203,200_.jpg"
"All Creatures Great and Small Paperback – May 6, 2014",http://amzn.to/2uWxQJS,"Delve into the magical, unforgettable world of James Herriot, the world's most beloved veterinarian, and his menagerie of heartwarming, funny, and tragic animal patients.",Books,"https://images-na.ssl-images-amazon.com/images/I/51n5GyrBy8L._SX331_BO1,204,203,200_.jpg"
"Marley & Me: Life and Love with the World's Worst Dog Paperback – March 11, 2008",http://amzn.to/2fHixTu,"The heartwarming and unforgettable story of a family and the wondrously neurotic dog who taught them what really matters in life.

",Books,"https://images-na.ssl-images-amazon.com/images/I/51kESP5PtwL._SX330_BO1,204,203,200_.jpg"
"I Will See You in Heaven Hardcover – April 1, 2010
",http://amzn.to/2vDBPwC,"For anyone who is grieving the loss of beloved pets, this bestselling little book offers wisdom, comfort, and the reassuring hope that we will see our cats and dogs and other animals in heaven. Friar Jack Wintz has been pondering this for years, and he is convinced that God's loving relationship with creation includes the afterlife. Here, Friar Jack traces the history of God's fatherly care for his creatures — from the Garden of Eden, to Noah and the Ark, Jonah and the Whale, and the life and example of St. Francis of Assisi — and also shares from his personal life experience. ""Our God is a God of overflowing love, goodness, and beauty who is ready to give over everything to those he loves. Surely the Creator would not suddenly stop loving and caring for the creatures he had put into existence with so much care!"" —Friar Jack includes: Gift inscription page Prayers of Blessing — for any animal, fish, bird, or other creature, and 14 brief chapters of wisdom and reflection.",Books,"https://images-na.ssl-images-amazon.com/images/I/414sCMGGHSL._SX393_BO1,204,203,200_.jpg"
"Maltese Dogs as Pets: Maltese breeding, where to buy, types, care, temperament, cost, health, showing, grooming, diet, and much more included! Caring For Your Maltese Paperback – February 23, 2016",http://amzn.to/2fHq5pb,"The Maltese is a lively little dog known for its silky white coat and bubbly personality. These dogs make wonderful pets because they are born companions and they love to spend time around people. If you are looking for a dog that will love you unconditionally and one who will provide you with endless amusement, the Maltese is a great breed to consider. If you are thinking about getting a Maltese dog, this book is the perfect place to start. Within the pages of this book you will receive a wealth of knowledge and fun facts about the Maltese to give you a thorough understanding of the breed as a whole. Each and every Maltese has its own unique personality but the breed is known for certain physical and temperamental qualities. In reading this book you will learn everything you need to know to decide whether or not the Maltese is the right breed for you and, if it is, you will be well on your way to becoming the best Maltese owner you can be! So, if you are ready to learn more about the Maltese breed simply turn the page and start reading! Maltese breeding, where to buy, types, care, temperament, cost, health, showing, grooming, diet, and much more included!",Books,"https://images-na.ssl-images-amazon.com/images/I/41am1tJfhoL._SX331_BO1,204,203,200_.jpg"
"Teacup Maltese and Toy Maltese Dogs. Ultimate Teacup & Toy Maltese Book. Complete manual for care, costs, feeding, grooming, health and training your Teacup/Toy Maltese dog. Paperback – October 27, 2014",http://amzn.to/2vDIjMf,"The Ultimate Toy/Teacup Maltese Dog Manual has the answers you need when researching this purebred, tiny, white bundle of fur. Find out whether or not this lively, friendly, and playful, cuddly companion canine with the non-shedding silky fur, button nose and dark, expressive eyes will be the perfect choice for you and your family. If you are considering buying a Teacup Maltese, there are lots of things you need to know before you buy one. You will find information in this book about the big problems associated with teacupism and how this will affect the health of your dog. Learn everything there is to know, including little known facts and secrets and how to care for every aspect of the Teacup Maltese's life. This manual contains all the information you need, from birth to the Rainbow Bridge, including transitioning through house breaking, care, feeding, training and end of life, so that you can make a well-informed decision about whether or not the Teacup Maltese is the breed for you. If you already have a Teacup Maltese, this book will teach you everything you need to know to make your dog a happy dog and to make you a happy dog owner. The author George Hoppendale is an experienced writer and a true animal lover. He enjoys writing animal books and advising others how to take care of their animals to give them a happy home. Co-Author Asia Moore is a professional Dog Whisperer, Cynologist and Author, living on Vancouver Island, off the west coast of British Columbia, in Canada, who believes that all humans and dogs can live together in harmony. She and her dog whispering team, which includes an 8-year-old Shih Tzu named Boris, teach dog psychology to humans, to help alleviate problem behaviors that arise between humans and their canine counterparts so that everyone can live a happy and stress-free life together. Covered in this book: - What you need to know before buying a Teacup Maltese - Temperament - Vital statistics - Before you buy - Choosing the right dog - Health - Daily care - Feeding - House training - Medical care & safety - Grooming - Training - Poisonous Foods & Plants - Caring for your aging dog .... and much more.",Books,"https://images-na.ssl-images-amazon.com/images/I/51q-5dO3nuL._SX331_BO1,204,203,200_.jpg"
